Keyword,Link
Eritrea,https://www.nytimes.com/2020/12/28/world/africa/Ethiopia-Eritrea-Tigray.html?searchResultPosition=2
TPLF,https://www.nytimes.com/sitemap/
Tigray,https://www.nytimes.com/privacy/manage-settings
TPLF,https://www.nytimes.com/2020/11/26/opinion/ethiopia-tigray-abiy-ahmed.html?searchResultPosition=10
Abiy Ahmed,https://www.nytimes.com/2021/06/21/opinion/ethiopia-election-tigray-abiy.html?searchResultPosition=2
Eritrea,https://www.nytimes.com/2020/01/08/world/europe/conscription-eritrea-eu.html?searchResultPosition=7
War,https://www.nytimes.com/
TPLF,https://www.nytimes.com/privacy/manage-settings
TPLF,https://www.nytimes.com/2021/09/01/world/africa/ethiopia-tigray-us-food-aid.html?searchResultPosition=8
Eritrea,https://www.nytimes.com/
Tigray,https://www.nytimes.com/2021/03/19/world/africa/ethiopia-tigray-atrocities.html?searchResultPosition=4
War,https://www.nytimes.com/2024/06/03/us/holocaust-museums-israel-hamas-war.html?searchResultPosition=3
Eritrea,https://www.nytimes.com/2021/04/15/world/africa/ethiopia-eritrea-tigray.html?searchResultPosition=8
Ethiopia,https://www.nytimes.com/2020/12/28/world/africa/Ethiopia-Eritrea-Tigray.html?searchResultPosition=3
War,https://www.nytimes.com/2024/10/05/world/middleeast/lebanon-hezbollah-israel-war.html?searchResultPosition=1
War,https://www.nytimes.com/2024/10/07/world/middleeast/israel-gaza-oct-7-year-of-war.html?searchResultPosition=10
Tigray,https://www.nytimes.com/2022/08/26/world/africa/ethiopian-tigray-airstrike-kindergarten.html?searchResultPosition=7
War,https://www.nytimes.com/2025/01/17/world/middleeast/gaza-returning-home-after-war.html?searchResultPosition=7
Abiy Ahmed,https://www.nytimes.com/live/2021/06/29/world/tigray-ethiopia/abiy-ahmed-ethiopias-leader-swiftly-went-from-hero-to-pariah?searchResultPosition=4
Eritrea,https://www.nytimes.com/sitemap/
TPLF,https://www.nytimes.com/2022/11/10/opinion/ethiopia-tigray-peace-talks.html?searchResultPosition=1
TPLF,https://www.nytimes.com/live/2021/06/29/world/tigray-ethiopia/how-the-war-in-tigray-began?searchResultPosition=4
EPRDF,https://www.nytimes.com/2018/06/05/world/africa/ethiopia-eritrea-peace-deal.html?searchResultPosition=6
Ethiopia,https://www.nytimes.com/2021/04/01/world/africa/ethiopia-tigray-sexual-assault.html?searchResultPosition=9
War,https://www.nytimes.com/privacy/manage-settings
Amhara,https://www.nytimes.com/2022/06/20/world/africa/ethiopia-massacre-oromia.html?searchResultPosition=4
Amhara,https://www.nytimes.com/
Tigray,https://www.nytimes.com/2021/04/01/world/africa/ethiopia-tigray-sexual-assault.html?searchResultPosition=5
Abiy Ahmed,https://www.nytimes.com/2021/06/30/world/africa/tigray-ethiopia-abiy-ahmed.html?searchResultPosition=9
Eritrea,https://www.nytimes.com/privacy/manage-settings
Eritrea,https://www.nytimes.com/2020/05/13/world/europe/eritrea-eu-lawsuit-forced-labor.html?searchResultPosition=10
Abiy Ahmed,https://www.nytimes.com/2021/06/21/world/africa/Ethiopia-election-Abiy-Ahmed.html?searchResultPosition=5
Tigray,https://www.nytimes.com/2022/12/14/us/ethiopia-tigray-killing-who-director-uncle.html?searchResultPosition=6
TPLF,https://www.nytimes.com/article/ethiopia-tigray-conflict-explained.html?searchResultPosition=3
Eritrea,https://www.nytimes.com/interactive/2020/12/07/learning/Eritrea-Geography-Quiz.html?searchResultPosition=1
EPRDF,https://www.nytimes.com/2020/11/11/opinion/ethiopia-tigray-abiy-ahmed.html?searchResultPosition=2
Tigray,https://www.nytimes.com/2020/12/09/world/africa/ethiopia-tigray-sudan.html?searchResultPosition=3
EPRDF,https://www.nytimes.com/
Amhara,https://www.nytimes.com/sitemap/
EPRDF,https://www.nytimes.com/2018/02/18/opinion/ethiopia-hailemariam-desalegn-state-emergency.html?searchResultPosition=4
TPLF,https://www.nytimes.com/2021/01/22/world/africa/ethiopia-tigray-conflict-abiy.html?searchResultPosition=2
War,https://www.nytimes.com/2024/12/11/world/africa/sudan-gold-rush-heart-civil-war.html?searchResultPosition=5
War,https://www.nytimes.com/2025/03/23/world/africa/sudan-civil-war-khartoum.html?searchResultPosition=4
Ethiopia,https://www.nytimes.com/
Amhara,https://www.nytimes.com/2021/12/15/world/africa/ethiopia-abiy-ahmed-nobel-war.html?searchResultPosition=10
Amhara,https://www.nytimes.com/2022/06/19/world/africa/ethiopia-attack-amhara-people.html?searchResultPosition=1
TPLF,https://www.nytimes.com/2020/11/28/world/africa/ethiopia-tigray-Mekelle-assault.html?searchResultPosition=5
Amhara,https://www.nytimes.com/privacy/manage-settings
EPRDF,https://www.nytimes.com/2019/10/17/opinion/abiy-ahmed-nobel-peace-prize.html?searchResultPosition=3
EPRDF,https://www.nytimes.com/sitemap/
Ethiopia,https://www.nytimes.com/sitemap/
Amhara,https://www.nytimes.com/2022/07/06/world/africa/ethiopia-ethnic-massacres.html?searchResultPosition=6
Abiy Ahmed,https://www.nytimes.com/2022/01/11/world/africa/ethiopia-biden-abiy-ahmed-tigray.html?searchResultPosition=10
Amhara,https://www.nytimes.com/2024/12/05/magazine/ethiopia-civil-war-crimes.html?searchResultPosition=7
Ethiopia,https://www.nytimes.com/2021/06/29/world/africa/Tigray-Ethiopia.html?searchResultPosition=2
Tigray,https://www.nytimes.com/2022/11/02/world/africa/ethiopia-tigray-civil-war.html?searchResultPosition=1
EPRDF,https://www.nytimes.com/privacy/manage-settings
Eritrea,https://www.nytimes.com/2023/03/01/world/africa/eritrea-ethiopia-tigray-war.html?searchResultPosition=9
Ethiopia,https://www.nytimes.com/privacy/manage-settings
Eritrea,https://www.nytimes.com/2024/05/23/dining/eritrean-brewing-tradition.html?searchResultPosition=4
Abiy Ahmed,https://www.nytimes.com/2019/10/17/opinion/abiy-ahmed-nobel-peace-prize.html?searchResultPosition=6
Abiy Ahmed,https://www.nytimes.com/2019/10/11/world/africa/nobel-peace-prize.html?searchResultPosition=7
EPRDF,https://www.nytimes.com/2018/07/09/world/africa/ethiopia-eritrea-war.html?searchResultPosition=7
Ethiopia,https://www.nytimes.com/interactive/2025/03/16/weather/ethiopia-quake-tracker.html?searchResultPosition=4
EPRDF,https://www.nytimes.com/2018/01/03/world/africa/ethiopia-prisoners.html?searchResultPosition=10
War,https://www.nytimes.com/2023/12/13/world/middleeast/israel-gaza-proportionality-law-of-war.html?searchResultPosition=8
Abiy Ahmed,https://www.nytimes.com/2019/12/10/world/africa/nobel-peace-abiy-ahmed.html?searchResultPosition=8
Amhara,https://www.nytimes.com/2020/01/30/world/africa/ethiopia-students-kidnapped.html?searchResultPosition=9
War,https://www.nytimes.com/2024/12/26/world/africa/sudan-war-rsf-medical-clinic.html?searchResultPosition=6
EPRDF,https://www.nytimes.com/article/ethiopia-tigray-conflict-explained.html?searchResultPosition=8
Ethiopia,https://www.nytimes.com/2021/03/19/world/africa/ethiopia-tigray-atrocities.html?searchResultPosition=10
Tigray,https://www.nytimes.com/2022/10/24/world/africa/ethiopia-tigray-peace-talks.html?searchResultPosition=9
Tigray,https://www.nytimes.com/2021/06/18/podcasts/the-daily-newsletter-war-tigray-ethiopia.html?searchResultPosition=10
Amhara,https://www.nytimes.com/2019/06/24/world/africa/ethiopia-coup-amhara.html?searchResultPosition=5
Abiy Ahmed,https://www.nytimes.com/2021/12/15/world/africa/ethiopia-abiy-ahmed-nobel-war.html?searchResultPosition=3
War,https://www.nytimes.com/2024/10/26/world/middleeast/israel-iran-attack-war.html?searchResultPosition=2
Tigray,https://www.nytimes.com/sitemap/
Abiy Ahmed,https://www.nytimes.com/
TPLF,https://www.nytimes.com/2021/03/19/world/africa/ethiopia-tigray-atrocities.html?searchResultPosition=7
EPRDF,https://www.nytimes.com/2019/01/03/opinion/ethiopia-abiy-ahmed-reforms-ethnic-conflict-ethnic-federalism.html?searchResultPosition=1
Tigray,https://www.nytimes.com/2021/06/29/world/africa/Tigray-Ethiopia.html?searchResultPosition=2
Ethiopia,https://www.nytimes.com/2022/03/17/world/africa/ethiopia-tigray-aid-workers-killed.html?searchResultPosition=6
TPLF,https://www.nytimes.com/2020/11/08/world/africa/ethiopia-tigray.html?searchResultPosition=9
Abiy Ahmed,https://www.nytimes.com/sitemap/
Eritrea,https://www.nytimes.com/2023/09/03/world/middleeast/netanyahu-deportations-eritreans-clash.html?searchResultPosition=3
Abiy Ahmed,https://www.nytimes.com/topic/abiy-ahmed?searchResultPosition=1
War,https://www.nytimes.com/2024/01/30/world/middleeast/gaza-war-palestinian-journalists.html?searchResultPosition=9
Abiy Ahmed,https://www.nytimes.com/privacy/manage-settings
Ethiopia,https://www.nytimes.com/2020/12/09/world/africa/ethiopia-tigray-sudan.html?searchResultPosition=5
Ethiopia,https://www.nytimes.com/2021/06/21/world/africa/Ethiopia-election-Abiy-Ahmed.html?searchResultPosition=7
War,https://www.nytimes.com/sitemap/
Eritrea,https://www.nytimes.com/2021/06/29/world/africa/ethiopia-eritrea-tigray-conflict.html?searchResultPosition=5
Tigray,https://www.nytimes.com/2022/03/24/world/africa/ethiopia-tigray-conflict-truce.html?searchResultPosition=8
TPLF,https://www.nytimes.com/2024/12/05/magazine/ethiopia-civil-war-crimes.html?searchResultPosition=6
Tigray,https://www.nytimes.com/
Amhara,https://www.nytimes.com/2023/08/11/world/africa/ethiopia-fighting-war.html?searchResultPosition=2
Amhara,https://www.nytimes.com/2020/12/09/world/africa/ethiopia-tigray-sudan.html?searchResultPosition=3
EPRDF,https://www.nytimes.com/2015/05/24/world/africa/ethiopias-ruling-party-is-expected-to-remain-in-power.html?searchResultPosition=5
Ethiopia,https://www.nytimes.com/2022/11/02/world/africa/ethiopia-tigray-civil-war.html?searchResultPosition=1
TPLF,https://www.nytimes.com/
Eritrea,https://www.nytimes.com/2021/06/29/world/africa/tigray-fight-eritrea.html?searchResultPosition=6
EPRDF,https://www.nytimes.com/2015/06/23/world/africa/government-in-ethiopia-is-on-track-to-win-with-100-of-vote.html?searchResultPosition=9
Ethiopia,https://www.nytimes.com/interactive/2025/02/14/world/africa/ethiopia-earthquake.html?searchResultPosition=8
Amhara,https://www.nytimes.com/2020/11/02/world/africa/ethiopia-school-massacre.html?searchResultPosition=8
